{
    "loss": 0.6831002831459045,
    "accuracy": 0.5035971403121948
}