{
    "loss": 0.12894131243228912,
    "accuracy": 0.9568345546722412
}